{
  "primary_accuracy": 0.9736842105263158,
  "routing_accuracy": 0.9736842105263158,
  "both_accuracy": 0.9736842105263158,
  "mh_routing_accuracy": 0.9761904761904762,
  "avg_latency_ms": 23883.47105263158,
  "total_test_cases": 76,
  "model_name": "llama-3.1-8b-instant",
  "few_shot_examples": 43
}